BEGIN;

-- ============================================================
-- PARTE A — Listings historicos + 2 nuevos activos AC/DC
-- ============================================================

INSERT INTO ticket_listings (id, "sellerId", "eventId", "eventDateId", "eventSectionId", type, "sellTogether", "pricePerTicket", "deliveryMethod", status, version, "createdAt", "updatedAt") VALUES
('a0000000-0000-0000-0000-000000000018','9f44b158-78c8-40ed-acb6-7c06dedded1c','evt_1774948780942_642ec6f2','edt_1774948781043_c4945dfa','sec_1774948781192_e5032874','Digital',false,'{"amount":30000000,"currency":"ARS"}',NULL,'Active',1,'2026-03-15 10:00:00','2026-03-15 10:00:00'),
('a0000000-0000-0000-0000-000000000019','f41d16ab-e18a-402f-9136-10efca6aae3d','evt_1774948780942_642ec6f2','edt_1774948781043_c4945dfa','sec_1774950340437_8daefa1b','Digital',false,'{"amount":28000000,"currency":"ARS"}',NULL,'Active',1,'2026-03-10 14:00:00','2026-03-10 14:00:00'),
('a0000000-0000-0000-0000-000000000020','9f44b158-78c8-40ed-acb6-7c06dedded1c','evt_1774948747618_ae97c7e0','edt_1774948747806_8aa73e1b','sec_1774948748105_18169701','Digital',false,'{"amount":13800000,"currency":"ARS"}',NULL,'Sold',1,'2025-09-15 10:00:00','2025-10-10 15:00:00'),
('a0000000-0000-0000-0000-000000000021','9f44b158-78c8-40ed-acb6-7c06dedded1c','evt_1774948747618_ae97c7e0','edt_1774948747891_ab70aa01','sec_1774948748105_18169701','Digital',false,'{"amount":14200000,"currency":"ARS"}',NULL,'Sold',1,'2025-10-05 10:00:00','2025-10-28 14:00:00'),
('a0000000-0000-0000-0000-000000000022','9f44b158-78c8-40ed-acb6-7c06dedded1c','evt_1774948747618_ae97c7e0','edt_1774948748010_c417c9fe','sec_1774948748105_18169701','Digital',false,'{"amount":14000000,"currency":"ARS"}',NULL,'Sold',1,'2025-11-01 10:00:00','2025-11-20 16:00:00'),
('a0000000-0000-0000-0000-000000000023','9f44b158-78c8-40ed-acb6-7c06dedded1c','evt_1774948747618_ae97c7e0','edt_1774948748017_4ec78cf2','sec_1774948748105_18169701','Digital',false,'{"amount":13500000,"currency":"ARS"}',NULL,'Sold',1,'2025-11-15 10:00:00','2025-12-05 11:00:00'),
('a0000000-0000-0000-0000-000000000024','9f44b158-78c8-40ed-acb6-7c06dedded1c','evt_1774948747618_ae97c7e0','edt_1774948748024_bfbf0aa6','sec_1774948748105_18169701','Digital',false,'{"amount":13900000,"currency":"ARS"}',NULL,'Sold',1,'2025-12-10 10:00:00','2026-01-05 12:00:00'),
('a0000000-0000-0000-0000-000000000025','9f44b158-78c8-40ed-acb6-7c06dedded1c','evt_1774948754987_11989a87','edt_1774948755003_4a8e6d0d','sec_1774948755011_b9cf7a0c','Digital',false,'{"amount":10200000,"currency":"ARS"}',NULL,'Sold',1,'2026-01-20 10:00:00','2026-02-08 14:00:00'),
('a0000000-0000-0000-0000-000000000026','9f44b158-78c8-40ed-acb6-7c06dedded1c','evt_1774948780942_642ec6f2','edt_1774948781043_c4945dfa','sec_1774948781192_e5032874','Digital',false,'{"amount":29500000,"currency":"ARS"}',NULL,'Sold',1,'2026-01-25 10:00:00','2026-02-15 16:00:00'),
('a0000000-0000-0000-0000-000000000027','9f44b158-78c8-40ed-acb6-7c06dedded1c','evt_1774948747618_ae97c7e0','edt_1774948748031_5ff47545','sec_1774948748105_18169701','Digital',false,'{"amount":14100000,"currency":"ARS"}',NULL,'Sold',1,'2026-02-01 10:00:00','2026-02-20 13:00:00'),
('a0000000-0000-0000-0000-000000000028','9f44b158-78c8-40ed-acb6-7c06dedded1c','evt_1774948747618_ae97c7e0','edt_1774948748095_359f76c3','sec_1774948748105_18169701','Digital',false,'{"amount":13800000,"currency":"ARS"}',NULL,'Sold',1,'2026-02-20 10:00:00','2026-03-05 15:00:00'),
('a0000000-0000-0000-0000-000000000029','ce2672fc-b684-4b56-8253-be63ba9908f5','evt_1774948747618_ae97c7e0','edt_1774948747798_a3099839','sec_1774948748105_18169701','Digital',false,'{"amount":14100000,"currency":"ARS"}',NULL,'Sold',1,'2025-08-10 10:00:00','2025-09-01 14:00:00'),
('a0000000-0000-0000-0000-000000000030','ce2672fc-b684-4b56-8253-be63ba9908f5','evt_1774948747618_ae97c7e0','edt_1774948747806_8aa73e1b','sec_1774948748105_18169701','Digital',false,'{"amount":13800000,"currency":"ARS"}',NULL,'Sold',1,'2025-09-20 10:00:00','2025-10-15 16:00:00'),
('a0000000-0000-0000-0000-000000000031','ce2672fc-b684-4b56-8253-be63ba9908f5','evt_1774948747618_ae97c7e0','edt_1774948747891_ab70aa01','sec_1774948748105_18169701','Digital',false,'{"amount":14000000,"currency":"ARS"}',NULL,'Sold',1,'2025-10-12 10:00:00','2025-11-02 15:00:00'),
('a0000000-0000-0000-0000-000000000032','ce2672fc-b684-4b56-8253-be63ba9908f5','evt_1774948747618_ae97c7e0','edt_1774948747993_1d50996a','sec_1774948748105_18169701','Digital',false,'{"amount":14200000,"currency":"ARS"}',NULL,'Sold',1,'2025-11-05 10:00:00','2025-11-25 12:00:00'),
('a0000000-0000-0000-0000-000000000033','ce2672fc-b684-4b56-8253-be63ba9908f5','evt_1774948754987_11989a87','edt_1774948754996_3a7c8a53','sec_1774948755011_b9cf7a0c','Digital',false,'{"amount":9900000,"currency":"ARS"}',NULL,'Sold',1,'2025-12-08 10:00:00','2026-01-03 14:00:00'),
('a0000000-0000-0000-0000-000000000034','ce2672fc-b684-4b56-8253-be63ba9908f5','evt_1774948754987_11989a87','edt_1774948755003_4a8e6d0d','sec_1774948755011_b9cf7a0c','Digital',false,'{"amount":10400000,"currency":"ARS"}',NULL,'Sold',1,'2026-01-10 10:00:00','2026-01-25 16:00:00'),
('a0000000-0000-0000-0000-000000000035','ce2672fc-b684-4b56-8253-be63ba9908f5','evt_1774948780942_642ec6f2','edt_1774948781043_c4945dfa','sec_1774950228435_4aeb3b79','Digital',false,'{"amount":29800000,"currency":"ARS"}',NULL,'Sold',1,'2026-01-28 10:00:00','2026-02-18 15:00:00'),
('a0000000-0000-0000-0000-000000000036','ce2672fc-b684-4b56-8253-be63ba9908f5','evt_1774948747618_ae97c7e0','edt_1774948748002_7f8db384','sec_1774948748105_18169701','Digital',false,'{"amount":13900000,"currency":"ARS"}',NULL,'Sold',1,'2026-02-10 10:00:00','2026-02-28 13:00:00'),
('a0000000-0000-0000-0000-000000000037','f41d16ab-e18a-402f-9136-10efca6aae3d','evt_1774948747618_ae97c7e0','edt_1774948747798_a3099839','sec_1774948748105_18169701','Digital',false,'{"amount":13900000,"currency":"ARS"}',NULL,'Sold',1,'2025-07-05 10:00:00','2025-07-28 14:00:00'),
('a0000000-0000-0000-0000-000000000038','f41d16ab-e18a-402f-9136-10efca6aae3d','evt_1774948747618_ae97c7e0','edt_1774948747891_ab70aa01','sec_1774948748105_18169701','Digital',false,'{"amount":14200000,"currency":"ARS"}',NULL,'Sold',1,'2025-08-01 10:00:00','2025-08-20 15:00:00'),
('a0000000-0000-0000-0000-000000000039','f41d16ab-e18a-402f-9136-10efca6aae3d','evt_1774948747618_ae97c7e0','edt_1774948747993_1d50996a','sec_1774948748105_18169701','Digital',false,'{"amount":14000000,"currency":"ARS"}',NULL,'Sold',1,'2025-09-10 10:00:00','2025-09-30 16:00:00'),
('a0000000-0000-0000-0000-000000000040','f41d16ab-e18a-402f-9136-10efca6aae3d','evt_1774948747618_ae97c7e0','edt_1774948748002_7f8db384','sec_1774948748105_18169701','Digital',false,'{"amount":13800000,"currency":"ARS"}',NULL,'Sold',1,'2025-10-01 10:00:00','2025-10-22 11:00:00'),
('a0000000-0000-0000-0000-000000000041','f41d16ab-e18a-402f-9136-10efca6aae3d','evt_1774948747618_ae97c7e0','edt_1774948748010_c417c9fe','sec_1774948748105_18169701','Digital',false,'{"amount":14300000,"currency":"ARS"}',NULL,'Sold',1,'2025-10-15 10:00:00','2025-11-05 14:00:00'),
('a0000000-0000-0000-0000-000000000042','f41d16ab-e18a-402f-9136-10efca6aae3d','evt_1774948747618_ae97c7e0','edt_1774948748017_4ec78cf2','sec_1774948748105_18169701','Digital',false,'{"amount":14100000,"currency":"ARS"}',NULL,'Sold',1,'2025-11-08 10:00:00','2025-11-28 16:00:00'),
('a0000000-0000-0000-0000-000000000043','f41d16ab-e18a-402f-9136-10efca6aae3d','evt_1774948747618_ae97c7e0','edt_1774948748024_bfbf0aa6','sec_1774948748105_18169701','Digital',false,'{"amount":13900000,"currency":"ARS"}',NULL,'Sold',1,'2025-12-01 10:00:00','2025-12-22 13:00:00'),
('a0000000-0000-0000-0000-000000000044','f41d16ab-e18a-402f-9136-10efca6aae3d','evt_1774948754987_11989a87','edt_1774948754996_3a7c8a53','sec_1774948755011_b9cf7a0c','Digital',false,'{"amount":10300000,"currency":"ARS"}',NULL,'Sold',1,'2026-01-05 10:00:00','2026-01-22 15:00:00'),
('a0000000-0000-0000-0000-000000000045','f41d16ab-e18a-402f-9136-10efca6aae3d','evt_1774948754987_11989a87','edt_1774948755003_4a8e6d0d','sec_1774948755011_b9cf7a0c','Digital',false,'{"amount":9900000,"currency":"ARS"}',NULL,'Sold',1,'2026-01-18 10:00:00','2026-02-05 12:00:00'),
('a0000000-0000-0000-0000-000000000046','f41d16ab-e18a-402f-9136-10efca6aae3d','evt_1774948780942_642ec6f2','edt_1774948781043_c4945dfa','sec_1774950340437_8daefa1b','Digital',false,'{"amount":28700000,"currency":"ARS"}',NULL,'Sold',1,'2026-01-30 10:00:00','2026-02-22 16:00:00'),
('a0000000-0000-0000-0000-000000000047','f41d16ab-e18a-402f-9136-10efca6aae3d','evt_1774948747618_ae97c7e0','edt_1774948748031_5ff47545','sec_1774948748105_18169701','Digital',false,'{"amount":14000000,"currency":"ARS"}',NULL,'Sold',1,'2026-02-15 10:00:00','2026-03-02 14:00:00'),
('a0000000-0000-0000-0000-000000000048','f41d16ab-e18a-402f-9136-10efca6aae3d','evt_1774948764681_370c6b6a','edt_1774948764692_c66c72b9','sec_1774948764789_4764abce','Digital',false,'{"amount":15000000,"currency":"ARS"}',NULL,'Active',1,'2026-03-28 10:00:00','2026-03-28 10:00:00');

INSERT INTO ticket_units (id, "listingId", status, version, "createdAt", "updatedAt") VALUES
('c0000000-0000-0000-0000-000000000034','a0000000-0000-0000-0000-000000000018','available',1,'2026-03-15 10:00:00','2026-03-15 10:00:00'),
('c0000000-0000-0000-0000-000000000035','a0000000-0000-0000-0000-000000000018','available',1,'2026-03-15 10:00:00','2026-03-15 10:00:00'),
('c0000000-0000-0000-0000-000000000036','a0000000-0000-0000-0000-000000000019','available',1,'2026-03-10 14:00:00','2026-03-10 14:00:00'),
('c0000000-0000-0000-0000-000000000037','a0000000-0000-0000-0000-000000000019','available',1,'2026-03-10 14:00:00','2026-03-10 14:00:00'),
('c0000000-0000-0000-0000-000000000038','a0000000-0000-0000-0000-000000000020','sold',1,'2025-09-15 10:00:00','2025-10-10 15:00:00'),
('c0000000-0000-0000-0000-000000000039','a0000000-0000-0000-0000-000000000020','sold',1,'2025-09-15 10:00:00','2025-10-10 15:00:00'),
('c0000000-0000-0000-0000-000000000040','a0000000-0000-0000-0000-000000000021','sold',1,'2025-10-05 10:00:00','2025-10-28 14:00:00'),
('c0000000-0000-0000-0000-000000000041','a0000000-0000-0000-0000-000000000021','sold',1,'2025-10-05 10:00:00','2025-10-28 14:00:00'),
('c0000000-0000-0000-0000-000000000042','a0000000-0000-0000-0000-000000000022','sold',1,'2025-11-01 10:00:00','2025-11-20 16:00:00'),
('c0000000-0000-0000-0000-000000000043','a0000000-0000-0000-0000-000000000022','sold',1,'2025-11-01 10:00:00','2025-11-20 16:00:00'),
('c0000000-0000-0000-0000-000000000044','a0000000-0000-0000-0000-000000000023','sold',1,'2025-11-15 10:00:00','2025-12-05 11:00:00'),
('c0000000-0000-0000-0000-000000000045','a0000000-0000-0000-0000-000000000024','sold',1,'2025-12-10 10:00:00','2026-01-05 12:00:00'),
('c0000000-0000-0000-0000-000000000046','a0000000-0000-0000-0000-000000000024','sold',1,'2025-12-10 10:00:00','2026-01-05 12:00:00'),
('c0000000-0000-0000-0000-000000000047','a0000000-0000-0000-0000-000000000025','sold',1,'2026-01-20 10:00:00','2026-02-08 14:00:00'),
('c0000000-0000-0000-0000-000000000048','a0000000-0000-0000-0000-000000000025','sold',1,'2026-01-20 10:00:00','2026-02-08 14:00:00'),
('c0000000-0000-0000-0000-000000000049','a0000000-0000-0000-0000-000000000026','sold',1,'2026-01-25 10:00:00','2026-02-15 16:00:00'),
('c0000000-0000-0000-0000-000000000050','a0000000-0000-0000-0000-000000000026','sold',1,'2026-01-25 10:00:00','2026-02-15 16:00:00'),
('c0000000-0000-0000-0000-000000000051','a0000000-0000-0000-0000-000000000027','sold',1,'2026-02-01 10:00:00','2026-02-20 13:00:00'),
('c0000000-0000-0000-0000-000000000052','a0000000-0000-0000-0000-000000000027','sold',1,'2026-02-01 10:00:00','2026-02-20 13:00:00'),
('c0000000-0000-0000-0000-000000000053','a0000000-0000-0000-0000-000000000028','sold',1,'2026-02-20 10:00:00','2026-03-05 15:00:00'),
('c0000000-0000-0000-0000-000000000054','a0000000-0000-0000-0000-000000000028','sold',1,'2026-02-20 10:00:00','2026-03-05 15:00:00'),
('c0000000-0000-0000-0000-000000000055','a0000000-0000-0000-0000-000000000029','sold',1,'2025-08-10 10:00:00','2025-09-01 14:00:00'),
('c0000000-0000-0000-0000-000000000056','a0000000-0000-0000-0000-000000000029','sold',1,'2025-08-10 10:00:00','2025-09-01 14:00:00'),
('c0000000-0000-0000-0000-000000000057','a0000000-0000-0000-0000-000000000030','sold',1,'2025-09-20 10:00:00','2025-10-15 16:00:00'),
('c0000000-0000-0000-0000-000000000058','a0000000-0000-0000-0000-000000000030','sold',1,'2025-09-20 10:00:00','2025-10-15 16:00:00'),
('c0000000-0000-0000-0000-000000000059','a0000000-0000-0000-0000-000000000031','sold',1,'2025-10-12 10:00:00','2025-11-02 15:00:00'),
('c0000000-0000-0000-0000-000000000060','a0000000-0000-0000-0000-000000000032','sold',1,'2025-11-05 10:00:00','2025-11-25 12:00:00'),
('c0000000-0000-0000-0000-000000000061','a0000000-0000-0000-0000-000000000032','sold',1,'2025-11-05 10:00:00','2025-11-25 12:00:00'),
('c0000000-0000-0000-0000-000000000062','a0000000-0000-0000-0000-000000000033','sold',1,'2025-12-08 10:00:00','2026-01-03 14:00:00'),
('c0000000-0000-0000-0000-000000000063','a0000000-0000-0000-0000-000000000033','sold',1,'2025-12-08 10:00:00','2026-01-03 14:00:00'),
('c0000000-0000-0000-0000-000000000064','a0000000-0000-0000-0000-000000000034','sold',1,'2026-01-10 10:00:00','2026-01-25 16:00:00'),
('c0000000-0000-0000-0000-000000000065','a0000000-0000-0000-0000-000000000034','sold',1,'2026-01-10 10:00:00','2026-01-25 16:00:00'),
('c0000000-0000-0000-0000-000000000066','a0000000-0000-0000-0000-000000000035','sold',1,'2026-01-28 10:00:00','2026-02-18 15:00:00'),
('c0000000-0000-0000-0000-000000000067','a0000000-0000-0000-0000-000000000035','sold',1,'2026-01-28 10:00:00','2026-02-18 15:00:00'),
('c0000000-0000-0000-0000-000000000068','a0000000-0000-0000-0000-000000000036','sold',1,'2026-02-10 10:00:00','2026-02-28 13:00:00'),
('c0000000-0000-0000-0000-000000000069','a0000000-0000-0000-0000-000000000036','sold',1,'2026-02-10 10:00:00','2026-02-28 13:00:00'),
('c0000000-0000-0000-0000-000000000070','a0000000-0000-0000-0000-000000000037','sold',1,'2025-07-05 10:00:00','2025-07-28 14:00:00'),
('c0000000-0000-0000-0000-000000000071','a0000000-0000-0000-0000-000000000037','sold',1,'2025-07-05 10:00:00','2025-07-28 14:00:00'),
('c0000000-0000-0000-0000-000000000072','a0000000-0000-0000-0000-000000000038','sold',1,'2025-08-01 10:00:00','2025-08-20 15:00:00'),
('c0000000-0000-0000-0000-000000000073','a0000000-0000-0000-0000-000000000038','sold',1,'2025-08-01 10:00:00','2025-08-20 15:00:00'),
('c0000000-0000-0000-0000-000000000074','a0000000-0000-0000-0000-000000000039','sold',1,'2025-09-10 10:00:00','2025-09-30 16:00:00'),
('c0000000-0000-0000-0000-000000000075','a0000000-0000-0000-0000-000000000039','sold',1,'2025-09-10 10:00:00','2025-09-30 16:00:00'),
('c0000000-0000-0000-0000-000000000076','a0000000-0000-0000-0000-000000000040','sold',1,'2025-10-01 10:00:00','2025-10-22 11:00:00'),
('c0000000-0000-0000-0000-000000000077','a0000000-0000-0000-0000-000000000041','sold',1,'2025-10-15 10:00:00','2025-11-05 14:00:00'),
('c0000000-0000-0000-0000-000000000078','a0000000-0000-0000-0000-000000000041','sold',1,'2025-10-15 10:00:00','2025-11-05 14:00:00'),
('c0000000-0000-0000-0000-000000000079','a0000000-0000-0000-0000-000000000042','sold',1,'2025-11-08 10:00:00','2025-11-28 16:00:00'),
('c0000000-0000-0000-0000-000000000080','a0000000-0000-0000-0000-000000000042','sold',1,'2025-11-08 10:00:00','2025-11-28 16:00:00'),
('c0000000-0000-0000-0000-000000000081','a0000000-0000-0000-0000-000000000043','sold',1,'2025-12-01 10:00:00','2025-12-22 13:00:00'),
('c0000000-0000-0000-0000-000000000082','a0000000-0000-0000-0000-000000000043','sold',1,'2025-12-01 10:00:00','2025-12-22 13:00:00'),
('c0000000-0000-0000-0000-000000000083','a0000000-0000-0000-0000-000000000044','sold',1,'2026-01-05 10:00:00','2026-01-22 15:00:00'),
('c0000000-0000-0000-0000-000000000084','a0000000-0000-0000-0000-000000000044','sold',1,'2026-01-05 10:00:00','2026-01-22 15:00:00'),
('c0000000-0000-0000-0000-000000000085','a0000000-0000-0000-0000-000000000045','sold',1,'2026-01-18 10:00:00','2026-02-05 12:00:00'),
('c0000000-0000-0000-0000-000000000086','a0000000-0000-0000-0000-000000000045','sold',1,'2026-01-18 10:00:00','2026-02-05 12:00:00'),
('c0000000-0000-0000-0000-000000000087','a0000000-0000-0000-0000-000000000046','sold',1,'2026-01-30 10:00:00','2026-02-22 16:00:00'),
('c0000000-0000-0000-0000-000000000088','a0000000-0000-0000-0000-000000000046','sold',1,'2026-01-30 10:00:00','2026-02-22 16:00:00'),
('c0000000-0000-0000-0000-000000000089','a0000000-0000-0000-0000-000000000047','sold',1,'2026-02-15 10:00:00','2026-03-02 14:00:00'),
('c0000000-0000-0000-0000-000000000090','a0000000-0000-0000-0000-000000000047','sold',1,'2026-02-15 10:00:00','2026-03-02 14:00:00'),
('c0000000-0000-0000-0000-000000000091','a0000000-0000-0000-0000-000000000048','available',1,'2026-03-28 10:00:00','2026-03-28 10:00:00'),
('c0000000-0000-0000-0000-000000000092','a0000000-0000-0000-0000-000000000048','available',1,'2026-03-28 10:00:00','2026-03-28 10:00:00');

-- ============================================================
-- PARTE B — Pricing Snapshots + Transactions historicas
-- ============================================================

INSERT INTO pricing_snapshots (id, "listingId", "pricePerTicket", "buyerPlatformFeePercentage", "sellerPlatformFeePercentage", "paymentMethodCommissions", version, "expiresAt", "consumedAt", "consumedByTransactionId") VALUES
('d0000000-0000-0000-0000-000000000012','a0000000-0000-0000-0000-000000000020','{"amount":13800000,"currency":"ARS"}',10,8,'{}',1,'2025-09-15 10:30:00','2025-09-15 10:15:00','b0000000-0000-0000-0000-000000000012'),
('d0000000-0000-0000-0000-000000000013','a0000000-0000-0000-0000-000000000021','{"amount":14200000,"currency":"ARS"}',10,8,'{}',1,'2025-10-05 10:30:00','2025-10-05 10:15:00','b0000000-0000-0000-0000-000000000013'),
('d0000000-0000-0000-0000-000000000014','a0000000-0000-0000-0000-000000000022','{"amount":14000000,"currency":"ARS"}',10,8,'{}',1,'2025-11-01 10:30:00','2025-11-01 10:15:00','b0000000-0000-0000-0000-000000000014'),
('d0000000-0000-0000-0000-000000000015','a0000000-0000-0000-0000-000000000023','{"amount":13500000,"currency":"ARS"}',10,8,'{}',1,'2025-11-15 10:30:00','2025-11-15 10:15:00','b0000000-0000-0000-0000-000000000015'),
('d0000000-0000-0000-0000-000000000016','a0000000-0000-0000-0000-000000000024','{"amount":13900000,"currency":"ARS"}',10,8,'{}',1,'2025-12-10 10:30:00','2025-12-10 10:15:00','b0000000-0000-0000-0000-000000000016'),
('d0000000-0000-0000-0000-000000000017','a0000000-0000-0000-0000-000000000025','{"amount":10200000,"currency":"ARS"}',10,8,'{}',1,'2026-01-20 10:30:00','2026-01-20 10:15:00','b0000000-0000-0000-0000-000000000017'),
('d0000000-0000-0000-0000-000000000018','a0000000-0000-0000-0000-000000000026','{"amount":29500000,"currency":"ARS"}',10,8,'{}',1,'2026-01-25 10:30:00','2026-01-25 10:15:00','b0000000-0000-0000-0000-000000000018'),
('d0000000-0000-0000-0000-000000000019','a0000000-0000-0000-0000-000000000027','{"amount":14100000,"currency":"ARS"}',10,8,'{}',1,'2026-02-01 10:30:00','2026-02-01 10:15:00','b0000000-0000-0000-0000-000000000019'),
('d0000000-0000-0000-0000-000000000020','a0000000-0000-0000-0000-000000000028','{"amount":13800000,"currency":"ARS"}',10,8,'{}',1,'2026-02-20 10:30:00','2026-02-20 10:15:00','b0000000-0000-0000-0000-000000000020'),
('d0000000-0000-0000-0000-000000000021','a0000000-0000-0000-0000-000000000029','{"amount":14100000,"currency":"ARS"}',10,8,'{}',1,'2025-08-10 10:30:00','2025-08-10 10:15:00','b0000000-0000-0000-0000-000000000021'),
('d0000000-0000-0000-0000-000000000022','a0000000-0000-0000-0000-000000000030','{"amount":13800000,"currency":"ARS"}',10,8,'{}',1,'2025-09-20 10:30:00','2025-09-20 10:15:00','b0000000-0000-0000-0000-000000000022'),
('d0000000-0000-0000-0000-000000000023','a0000000-0000-0000-0000-000000000031','{"amount":14000000,"currency":"ARS"}',10,8,'{}',1,'2025-10-12 10:30:00','2025-10-12 10:15:00','b0000000-0000-0000-0000-000000000023'),
('d0000000-0000-0000-0000-000000000024','a0000000-0000-0000-0000-000000000032','{"amount":14200000,"currency":"ARS"}',10,8,'{}',1,'2025-11-05 10:30:00','2025-11-05 10:15:00','b0000000-0000-0000-0000-000000000024'),
('d0000000-0000-0000-0000-000000000025','a0000000-0000-0000-0000-000000000033','{"amount":9900000,"currency":"ARS"}',10,8,'{}',1,'2025-12-08 10:30:00','2025-12-08 10:15:00','b0000000-0000-0000-0000-000000000025'),
('d0000000-0000-0000-0000-000000000026','a0000000-0000-0000-0000-000000000034','{"amount":10400000,"currency":"ARS"}',10,8,'{}',1,'2026-01-10 10:30:00','2026-01-10 10:15:00','b0000000-0000-0000-0000-000000000026'),
('d0000000-0000-0000-0000-000000000027','a0000000-0000-0000-0000-000000000035','{"amount":29800000,"currency":"ARS"}',10,8,'{}',1,'2026-01-28 10:30:00','2026-01-28 10:15:00','b0000000-0000-0000-0000-000000000027'),
('d0000000-0000-0000-0000-000000000028','a0000000-0000-0000-0000-000000000036','{"amount":13900000,"currency":"ARS"}',10,8,'{}',1,'2026-02-10 10:30:00','2026-02-10 10:15:00','b0000000-0000-0000-0000-000000000028'),
('d0000000-0000-0000-0000-000000000029','a0000000-0000-0000-0000-000000000037','{"amount":13900000,"currency":"ARS"}',10,8,'{}',1,'2025-07-05 10:30:00','2025-07-05 10:15:00','b0000000-0000-0000-0000-000000000029'),
('d0000000-0000-0000-0000-000000000030','a0000000-0000-0000-0000-000000000038','{"amount":14200000,"currency":"ARS"}',10,8,'{}',1,'2025-08-01 10:30:00','2025-08-01 10:15:00','b0000000-0000-0000-0000-000000000030'),
('d0000000-0000-0000-0000-000000000031','a0000000-0000-0000-0000-000000000039','{"amount":14000000,"currency":"ARS"}',10,8,'{}',1,'2025-09-10 10:30:00','2025-09-10 10:15:00','b0000000-0000-0000-0000-000000000031'),
('d0000000-0000-0000-0000-000000000032','a0000000-0000-0000-0000-000000000040','{"amount":13800000,"currency":"ARS"}',10,8,'{}',1,'2025-10-01 10:30:00','2025-10-01 10:15:00','b0000000-0000-0000-0000-000000000032'),
('d0000000-0000-0000-0000-000000000033','a0000000-0000-0000-0000-000000000041','{"amount":14300000,"currency":"ARS"}',10,8,'{}',1,'2025-10-15 10:30:00','2025-10-15 10:15:00','b0000000-0000-0000-0000-000000000033'),
('d0000000-0000-0000-0000-000000000034','a0000000-0000-0000-0000-000000000042','{"amount":14100000,"currency":"ARS"}',10,8,'{}',1,'2025-11-08 10:30:00','2025-11-08 10:15:00','b0000000-0000-0000-0000-000000000034'),
('d0000000-0000-0000-0000-000000000035','a0000000-0000-0000-0000-000000000043','{"amount":13900000,"currency":"ARS"}',10,8,'{}',1,'2025-12-01 10:30:00','2025-12-01 10:15:00','b0000000-0000-0000-0000-000000000035'),
('d0000000-0000-0000-0000-000000000036','a0000000-0000-0000-0000-000000000044','{"amount":10300000,"currency":"ARS"}',10,8,'{}',1,'2026-01-05 10:30:00','2026-01-05 10:15:00','b0000000-0000-0000-0000-000000000036'),
('d0000000-0000-0000-0000-000000000037','a0000000-0000-0000-0000-000000000045','{"amount":9900000,"currency":"ARS"}',10,8,'{}',1,'2026-01-18 10:30:00','2026-01-18 10:15:00','b0000000-0000-0000-0000-000000000037'),
('d0000000-0000-0000-0000-000000000038','a0000000-0000-0000-0000-000000000046','{"amount":28700000,"currency":"ARS"}',10,8,'{}',1,'2026-01-30 10:30:00','2026-01-30 10:15:00','b0000000-0000-0000-0000-000000000038'),
('d0000000-0000-0000-0000-000000000039','a0000000-0000-0000-0000-000000000047','{"amount":14000000,"currency":"ARS"}',10,8,'{}',1,'2026-02-15 10:30:00','2026-02-15 10:15:00','b0000000-0000-0000-0000-000000000039');

INSERT INTO transactions (id, "listingId", "buyerId", "sellerId", "ticketType", "ticketUnitIds", quantity, "ticketPrice", "buyerPlatformFee", "sellerPlatformFee", "paymentMethodCommission", "totalPaid", "sellerReceives", "pricingSnapshotId", status, "requiredActor", version, "paymentExpiresAt", "deliveryMethod", "depositReleaseAt", "paymentReceivedAt", "ticketTransferredAt", "buyerConfirmedAt", "completedAt", "createdAt", "updatedAt") VALUES
('b0000000-0000-0000-0000-000000000012','a0000000-0000-0000-0000-000000000020','f04afb31-7a50-4ed5-a2b7-56fa00c7ef8c','9f44b158-78c8-40ed-acb6-7c06dedded1c','Digital',ARRAY['c0000000-0000-0000-0000-000000000038','c0000000-0000-0000-0000-000000000039'],2,'{"amount":27600000,"currency":"ARS"}','{"amount":2760000,"currency":"ARS"}','{"amount":2208000,"currency":"ARS"}','{"amount":0,"currency":"ARS"}','{"amount":30360000,"currency":"ARS"}','{"amount":25392000,"currency":"ARS"}','d0000000-0000-0000-0000-000000000012','Completed','None',1,'2025-09-15 11:00:00',NULL,'2025-10-11 15:00:00','2025-09-16 10:00:00','2025-09-18 14:00:00','2025-10-10 15:00:00','2025-10-10 15:05:00','2025-09-15 10:15:00','2025-10-10 15:05:00'),
('b0000000-0000-0000-0000-000000000013','a0000000-0000-0000-0000-000000000021','f04afb31-7a50-4ed5-a2b7-56fa00c7ef8c','9f44b158-78c8-40ed-acb6-7c06dedded1c','Digital',ARRAY['c0000000-0000-0000-0000-000000000040','c0000000-0000-0000-0000-000000000041'],2,'{"amount":28400000,"currency":"ARS"}','{"amount":2840000,"currency":"ARS"}','{"amount":2272000,"currency":"ARS"}','{"amount":0,"currency":"ARS"}','{"amount":31240000,"currency":"ARS"}','{"amount":26128000,"currency":"ARS"}','d0000000-0000-0000-0000-000000000013','Completed','None',1,'2025-10-05 11:00:00',NULL,'2025-10-29 14:00:00','2025-10-06 10:00:00','2025-10-08 14:00:00','2025-10-28 14:00:00','2025-10-28 14:05:00','2025-10-05 10:15:00','2025-10-28 14:05:00'),
('b0000000-0000-0000-0000-000000000014','a0000000-0000-0000-0000-000000000022','f04afb31-7a50-4ed5-a2b7-56fa00c7ef8c','9f44b158-78c8-40ed-acb6-7c06dedded1c','Digital',ARRAY['c0000000-0000-0000-0000-000000000042','c0000000-0000-0000-0000-000000000043'],2,'{"amount":28000000,"currency":"ARS"}','{"amount":2800000,"currency":"ARS"}','{"amount":2240000,"currency":"ARS"}','{"amount":0,"currency":"ARS"}','{"amount":30800000,"currency":"ARS"}','{"amount":25760000,"currency":"ARS"}','d0000000-0000-0000-0000-000000000014','Completed','None',1,'2025-11-01 11:00:00',NULL,'2025-11-21 16:00:00','2025-11-02 10:00:00','2025-11-04 14:00:00','2025-11-20 16:00:00','2025-11-20 16:05:00','2025-11-01 10:15:00','2025-11-20 16:05:00'),
('b0000000-0000-0000-0000-000000000015','a0000000-0000-0000-0000-000000000023','f04afb31-7a50-4ed5-a2b7-56fa00c7ef8c','9f44b158-78c8-40ed-acb6-7c06dedded1c','Digital',ARRAY['c0000000-0000-0000-0000-000000000044'],1,'{"amount":13500000,"currency":"ARS"}','{"amount":1350000,"currency":"ARS"}','{"amount":1080000,"currency":"ARS"}','{"amount":0,"currency":"ARS"}','{"amount":14850000,"currency":"ARS"}','{"amount":12420000,"currency":"ARS"}','d0000000-0000-0000-0000-000000000015','Completed','None',1,'2025-11-15 11:00:00',NULL,'2025-12-06 11:00:00','2025-11-16 10:00:00','2025-11-18 14:00:00','2025-12-05 11:00:00','2025-12-05 11:05:00','2025-11-15 10:15:00','2025-12-05 11:05:00'),
('b0000000-0000-0000-0000-000000000016','a0000000-0000-0000-0000-000000000024','f04afb31-7a50-4ed5-a2b7-56fa00c7ef8c','9f44b158-78c8-40ed-acb6-7c06dedded1c','Digital',ARRAY['c0000000-0000-0000-0000-000000000045','c0000000-0000-0000-0000-000000000046'],2,'{"amount":27800000,"currency":"ARS"}','{"amount":2780000,"currency":"ARS"}','{"amount":2224000,"currency":"ARS"}','{"amount":0,"currency":"ARS"}','{"amount":30580000,"currency":"ARS"}','{"amount":25576000,"currency":"ARS"}','d0000000-0000-0000-0000-000000000016','Completed','None',1,'2025-12-10 11:00:00',NULL,'2026-01-06 12:00:00','2025-12-11 10:00:00','2025-12-13 14:00:00','2026-01-05 12:00:00','2026-01-05 12:05:00','2025-12-10 10:15:00','2026-01-05 12:05:00'),
('b0000000-0000-0000-0000-000000000017','a0000000-0000-0000-0000-000000000025','f04afb31-7a50-4ed5-a2b7-56fa00c7ef8c','9f44b158-78c8-40ed-acb6-7c06dedded1c','Digital',ARRAY['c0000000-0000-0000-0000-000000000047','c0000000-0000-0000-0000-000000000048'],2,'{"amount":20400000,"currency":"ARS"}','{"amount":2040000,"currency":"ARS"}','{"amount":1632000,"currency":"ARS"}','{"amount":0,"currency":"ARS"}','{"amount":22440000,"currency":"ARS"}','{"amount":18768000,"currency":"ARS"}','d0000000-0000-0000-0000-000000000017','Completed','None',1,'2026-01-20 11:00:00',NULL,'2026-02-09 14:00:00','2026-01-21 10:00:00','2026-01-23 14:00:00','2026-02-08 14:00:00','2026-02-08 14:05:00','2026-01-20 10:15:00','2026-02-08 14:05:00'),
('b0000000-0000-0000-0000-000000000018','a0000000-0000-0000-0000-000000000026','f04afb31-7a50-4ed5-a2b7-56fa00c7ef8c','9f44b158-78c8-40ed-acb6-7c06dedded1c','Digital',ARRAY['c0000000-0000-0000-0000-000000000049','c0000000-0000-0000-0000-000000000050'],2,'{"amount":59000000,"currency":"ARS"}','{"amount":5900000,"currency":"ARS"}','{"amount":4720000,"currency":"ARS"}','{"amount":0,"currency":"ARS"}','{"amount":64900000,"currency":"ARS"}','{"amount":54280000,"currency":"ARS"}','d0000000-0000-0000-0000-000000000018','Completed','None',1,'2026-01-25 11:00:00',NULL,'2026-02-16 16:00:00','2026-01-26 10:00:00','2026-01-28 14:00:00','2026-02-15 16:00:00','2026-02-15 16:05:00','2026-01-25 10:15:00','2026-02-15 16:05:00'),
('b0000000-0000-0000-0000-000000000019','a0000000-0000-0000-0000-000000000027','f04afb31-7a50-4ed5-a2b7-56fa00c7ef8c','9f44b158-78c8-40ed-acb6-7c06dedded1c','Digital',ARRAY['c0000000-0000-0000-0000-000000000051','c0000000-0000-0000-0000-000000000052'],2,'{"amount":28200000,"currency":"ARS"}','{"amount":2820000,"currency":"ARS"}','{"amount":2256000,"currency":"ARS"}','{"amount":0,"currency":"ARS"}','{"amount":31020000,"currency":"ARS"}','{"amount":25944000,"currency":"ARS"}','d0000000-0000-0000-0000-000000000019','Completed','None',1,'2026-02-01 11:00:00',NULL,'2026-02-21 13:00:00','2026-02-02 10:00:00','2026-02-04 14:00:00','2026-02-20 13:00:00','2026-02-20 13:05:00','2026-02-01 10:15:00','2026-02-20 13:05:00'),
('b0000000-0000-0000-0000-000000000020','a0000000-0000-0000-0000-000000000028','f04afb31-7a50-4ed5-a2b7-56fa00c7ef8c','9f44b158-78c8-40ed-acb6-7c06dedded1c','Digital',ARRAY['c0000000-0000-0000-0000-000000000053','c0000000-0000-0000-0000-000000000054'],2,'{"amount":27600000,"currency":"ARS"}','{"amount":2760000,"currency":"ARS"}','{"amount":2208000,"currency":"ARS"}','{"amount":0,"currency":"ARS"}','{"amount":30360000,"currency":"ARS"}','{"amount":25392000,"currency":"ARS"}','d0000000-0000-0000-0000-000000000020','Completed','None',1,'2026-02-20 11:00:00',NULL,'2026-03-06 15:00:00','2026-02-21 10:00:00','2026-02-23 14:00:00','2026-03-05 15:00:00','2026-03-05 15:05:00','2026-02-20 10:15:00','2026-03-05 15:05:00'),
('b0000000-0000-0000-0000-000000000021','a0000000-0000-0000-0000-000000000029','f04afb31-7a50-4ed5-a2b7-56fa00c7ef8c','ce2672fc-b684-4b56-8253-be63ba9908f5','Digital',ARRAY['c0000000-0000-0000-0000-000000000055','c0000000-0000-0000-0000-000000000056'],2,'{"amount":28200000,"currency":"ARS"}','{"amount":2820000,"currency":"ARS"}','{"amount":2256000,"currency":"ARS"}','{"amount":0,"currency":"ARS"}','{"amount":31020000,"currency":"ARS"}','{"amount":25944000,"currency":"ARS"}','d0000000-0000-0000-0000-000000000021','Completed','None',1,'2025-08-10 11:00:00',NULL,'2025-09-02 14:00:00','2025-08-11 10:00:00','2025-08-13 14:00:00','2025-09-01 14:00:00','2025-09-01 14:05:00','2025-08-10 10:15:00','2025-09-01 14:05:00'),
('b0000000-0000-0000-0000-000000000022','a0000000-0000-0000-0000-000000000030','f04afb31-7a50-4ed5-a2b7-56fa00c7ef8c','ce2672fc-b684-4b56-8253-be63ba9908f5','Digital',ARRAY['c0000000-0000-0000-0000-000000000057','c0000000-0000-0000-0000-000000000058'],2,'{"amount":27600000,"currency":"ARS"}','{"amount":2760000,"currency":"ARS"}','{"amount":2208000,"currency":"ARS"}','{"amount":0,"currency":"ARS"}','{"amount":30360000,"currency":"ARS"}','{"amount":25392000,"currency":"ARS"}','d0000000-0000-0000-0000-000000000022','Completed','None',1,'2025-09-20 11:00:00',NULL,'2025-10-16 16:00:00','2025-09-21 10:00:00','2025-09-23 14:00:00','2025-10-15 16:00:00','2025-10-15 16:05:00','2025-09-20 10:15:00','2025-10-15 16:05:00'),
('b0000000-0000-0000-0000-000000000023','a0000000-0000-0000-0000-000000000031','f04afb31-7a50-4ed5-a2b7-56fa00c7ef8c','ce2672fc-b684-4b56-8253-be63ba9908f5','Digital',ARRAY['c0000000-0000-0000-0000-000000000059'],1,'{"amount":14000000,"currency":"ARS"}','{"amount":1400000,"currency":"ARS"}','{"amount":1120000,"currency":"ARS"}','{"amount":0,"currency":"ARS"}','{"amount":15400000,"currency":"ARS"}','{"amount":12880000,"currency":"ARS"}','d0000000-0000-0000-0000-000000000023','Completed','None',1,'2025-10-12 11:00:00',NULL,'2025-11-03 15:00:00','2025-10-13 10:00:00','2025-10-15 14:00:00','2025-11-02 15:00:00','2025-11-02 15:05:00','2025-10-12 10:15:00','2025-11-02 15:05:00'),
('b0000000-0000-0000-0000-000000000024','a0000000-0000-0000-0000-000000000032','f04afb31-7a50-4ed5-a2b7-56fa00c7ef8c','ce2672fc-b684-4b56-8253-be63ba9908f5','Digital',ARRAY['c0000000-0000-0000-0000-000000000060','c0000000-0000-0000-0000-000000000061'],2,'{"amount":28400000,"currency":"ARS"}','{"amount":2840000,"currency":"ARS"}','{"amount":2272000,"currency":"ARS"}','{"amount":0,"currency":"ARS"}','{"amount":31240000,"currency":"ARS"}','{"amount":26128000,"currency":"ARS"}','d0000000-0000-0000-0000-000000000024','Completed','None',1,'2025-11-05 11:00:00',NULL,'2025-11-26 12:00:00','2025-11-06 10:00:00','2025-11-08 14:00:00','2025-11-25 12:00:00','2025-11-25 12:05:00','2025-11-05 10:15:00','2025-11-25 12:05:00'),
('b0000000-0000-0000-0000-000000000025','a0000000-0000-0000-0000-000000000033','f04afb31-7a50-4ed5-a2b7-56fa00c7ef8c','ce2672fc-b684-4b56-8253-be63ba9908f5','Digital',ARRAY['c0000000-0000-0000-0000-000000000062','c0000000-0000-0000-0000-000000000063'],2,'{"amount":19800000,"currency":"ARS"}','{"amount":1980000,"currency":"ARS"}','{"amount":1584000,"currency":"ARS"}','{"amount":0,"currency":"ARS"}','{"amount":21780000,"currency":"ARS"}','{"amount":18216000,"currency":"ARS"}','d0000000-0000-0000-0000-000000000025','Completed','None',1,'2025-12-08 11:00:00',NULL,'2026-01-04 14:00:00','2025-12-09 10:00:00','2025-12-11 14:00:00','2026-01-03 14:00:00','2026-01-03 14:05:00','2025-12-08 10:15:00','2026-01-03 14:05:00'),
('b0000000-0000-0000-0000-000000000026','a0000000-0000-0000-0000-000000000034','f04afb31-7a50-4ed5-a2b7-56fa00c7ef8c','ce2672fc-b684-4b56-8253-be63ba9908f5','Digital',ARRAY['c0000000-0000-0000-0000-000000000064','c0000000-0000-0000-0000-000000000065'],2,'{"amount":20800000,"currency":"ARS"}','{"amount":2080000,"currency":"ARS"}','{"amount":1664000,"currency":"ARS"}','{"amount":0,"currency":"ARS"}','{"amount":22880000,"currency":"ARS"}','{"amount":19136000,"currency":"ARS"}','d0000000-0000-0000-0000-000000000026','Completed','None',1,'2026-01-10 11:00:00',NULL,'2026-01-26 16:00:00','2026-01-11 10:00:00','2026-01-13 14:00:00','2026-01-25 16:00:00','2026-01-25 16:05:00','2026-01-10 10:15:00','2026-01-25 16:05:00'),
('b0000000-0000-0000-0000-000000000027','a0000000-0000-0000-0000-000000000035','f04afb31-7a50-4ed5-a2b7-56fa00c7ef8c','ce2672fc-b684-4b56-8253-be63ba9908f5','Digital',ARRAY['c0000000-0000-0000-0000-000000000066','c0000000-0000-0000-0000-000000000067'],2,'{"amount":59600000,"currency":"ARS"}','{"amount":5960000,"currency":"ARS"}','{"amount":4768000,"currency":"ARS"}','{"amount":0,"currency":"ARS"}','{"amount":65560000,"currency":"ARS"}','{"amount":54832000,"currency":"ARS"}','d0000000-0000-0000-0000-000000000027','Completed','None',1,'2026-01-28 11:00:00',NULL,'2026-02-19 15:00:00','2026-01-29 10:00:00','2026-01-31 14:00:00','2026-02-18 15:00:00','2026-02-18 15:05:00','2026-01-28 10:15:00','2026-02-18 15:05:00'),
('b0000000-0000-0000-0000-000000000028','a0000000-0000-0000-0000-000000000036','f04afb31-7a50-4ed5-a2b7-56fa00c7ef8c','ce2672fc-b684-4b56-8253-be63ba9908f5','Digital',ARRAY['c0000000-0000-0000-0000-000000000068','c0000000-0000-0000-0000-000000000069'],2,'{"amount":27800000,"currency":"ARS"}','{"amount":2780000,"currency":"ARS"}','{"amount":2224000,"currency":"ARS"}','{"amount":0,"currency":"ARS"}','{"amount":30580000,"currency":"ARS"}','{"amount":25576000,"currency":"ARS"}','d0000000-0000-0000-0000-000000000028','Completed','None',1,'2026-02-10 11:00:00',NULL,'2026-03-01 13:00:00','2026-02-11 10:00:00','2026-02-13 14:00:00','2026-02-28 13:00:00','2026-02-28 13:05:00','2026-02-10 10:15:00','2026-02-28 13:05:00'),
('b0000000-0000-0000-0000-000000000029','a0000000-0000-0000-0000-000000000037','f04afb31-7a50-4ed5-a2b7-56fa00c7ef8c','f41d16ab-e18a-402f-9136-10efca6aae3d','Digital',ARRAY['c0000000-0000-0000-0000-000000000070','c0000000-0000-0000-0000-000000000071'],2,'{"amount":27800000,"currency":"ARS"}','{"amount":2780000,"currency":"ARS"}','{"amount":2224000,"currency":"ARS"}','{"amount":0,"currency":"ARS"}','{"amount":30580000,"currency":"ARS"}','{"amount":25576000,"currency":"ARS"}','d0000000-0000-0000-0000-000000000029','Completed','None',1,'2025-07-05 11:00:00',NULL,'2025-07-29 14:00:00','2025-07-06 10:00:00','2025-07-08 14:00:00','2025-07-28 14:00:00','2025-07-28 14:05:00','2025-07-05 10:15:00','2025-07-28 14:05:00'),
('b0000000-0000-0000-0000-000000000030','a0000000-0000-0000-0000-000000000038','f04afb31-7a50-4ed5-a2b7-56fa00c7ef8c','f41d16ab-e18a-402f-9136-10efca6aae3d','Digital',ARRAY['c0000000-0000-0000-0000-000000000072','c0000000-0000-0000-0000-000000000073'],2,'{"amount":28400000,"currency":"ARS"}','{"amount":2840000,"currency":"ARS"}','{"amount":2272000,"currency":"ARS"}','{"amount":0,"currency":"ARS"}','{"amount":31240000,"currency":"ARS"}','{"amount":26128000,"currency":"ARS"}','d0000000-0000-0000-0000-000000000030','Completed','None',1,'2025-08-01 11:00:00',NULL,'2025-08-21 15:00:00','2025-08-02 10:00:00','2025-08-04 14:00:00','2025-08-20 15:00:00','2025-08-20 15:05:00','2025-08-01 10:15:00','2025-08-20 15:05:00'),
('b0000000-0000-0000-0000-000000000031','a0000000-0000-0000-0000-000000000039','f04afb31-7a50-4ed5-a2b7-56fa00c7ef8c','f41d16ab-e18a-402f-9136-10efca6aae3d','Digital',ARRAY['c0000000-0000-0000-0000-000000000074','c0000000-0000-0000-0000-000000000075'],2,'{"amount":28000000,"currency":"ARS"}','{"amount":2800000,"currency":"ARS"}','{"amount":2240000,"currency":"ARS"}','{"amount":0,"currency":"ARS"}','{"amount":30800000,"currency":"ARS"}','{"amount":25760000,"currency":"ARS"}','d0000000-0000-0000-0000-000000000031','Completed','None',1,'2025-09-10 11:00:00',NULL,'2025-10-01 16:00:00','2025-09-11 10:00:00','2025-09-13 14:00:00','2025-09-30 16:00:00','2025-09-30 16:05:00','2025-09-10 10:15:00','2025-09-30 16:05:00'),
('b0000000-0000-0000-0000-000000000032','a0000000-0000-0000-0000-000000000040','f04afb31-7a50-4ed5-a2b7-56fa00c7ef8c','f41d16ab-e18a-402f-9136-10efca6aae3d','Digital',ARRAY['c0000000-0000-0000-0000-000000000076'],1,'{"amount":13800000,"currency":"ARS"}','{"amount":1380000,"currency":"ARS"}','{"amount":1104000,"currency":"ARS"}','{"amount":0,"currency":"ARS"}','{"amount":15180000,"currency":"ARS"}','{"amount":12696000,"currency":"ARS"}','d0000000-0000-0000-0000-000000000032','Completed','None',1,'2025-10-01 11:00:00',NULL,'2025-10-23 11:00:00','2025-10-02 10:00:00','2025-10-04 14:00:00','2025-10-22 11:00:00','2025-10-22 11:05:00','2025-10-01 10:15:00','2025-10-22 11:05:00'),
('b0000000-0000-0000-0000-000000000033','a0000000-0000-0000-0000-000000000041','f04afb31-7a50-4ed5-a2b7-56fa00c7ef8c','f41d16ab-e18a-402f-9136-10efca6aae3d','Digital',ARRAY['c0000000-0000-0000-0000-000000000077','c0000000-0000-0000-0000-000000000078'],2,'{"amount":28600000,"currency":"ARS"}','{"amount":2860000,"currency":"ARS"}','{"amount":2288000,"currency":"ARS"}','{"amount":0,"currency":"ARS"}','{"amount":31460000,"currency":"ARS"}','{"amount":26312000,"currency":"ARS"}','d0000000-0000-0000-0000-000000000033','Completed','None',1,'2025-10-15 11:00:00',NULL,'2025-11-06 14:00:00','2025-10-16 10:00:00','2025-10-18 14:00:00','2025-11-05 14:00:00','2025-11-05 14:05:00','2025-10-15 10:15:00','2025-11-05 14:05:00'),
('b0000000-0000-0000-0000-000000000034','a0000000-0000-0000-0000-000000000042','f04afb31-7a50-4ed5-a2b7-56fa00c7ef8c','f41d16ab-e18a-402f-9136-10efca6aae3d','Digital',ARRAY['c0000000-0000-0000-0000-000000000079','c0000000-0000-0000-0000-000000000080'],2,'{"amount":28200000,"currency":"ARS"}','{"amount":2820000,"currency":"ARS"}','{"amount":2256000,"currency":"ARS"}','{"amount":0,"currency":"ARS"}','{"amount":31020000,"currency":"ARS"}','{"amount":25944000,"currency":"ARS"}','d0000000-0000-0000-0000-000000000034','Completed','None',1,'2025-11-08 11:00:00',NULL,'2025-11-29 16:00:00','2025-11-09 10:00:00','2025-11-11 14:00:00','2025-11-28 16:00:00','2025-11-28 16:05:00','2025-11-08 10:15:00','2025-11-28 16:05:00'),
('b0000000-0000-0000-0000-000000000035','a0000000-0000-0000-0000-000000000043','f04afb31-7a50-4ed5-a2b7-56fa00c7ef8c','f41d16ab-e18a-402f-9136-10efca6aae3d','Digital',ARRAY['c0000000-0000-0000-0000-000000000081','c0000000-0000-0000-0000-000000000082'],2,'{"amount":27800000,"currency":"ARS"}','{"amount":2780000,"currency":"ARS"}','{"amount":2224000,"currency":"ARS"}','{"amount":0,"currency":"ARS"}','{"amount":30580000,"currency":"ARS"}','{"amount":25576000,"currency":"ARS"}','d0000000-0000-0000-0000-000000000035','Completed','None',1,'2025-12-01 11:00:00',NULL,'2025-12-23 13:00:00','2025-12-02 10:00:00','2025-12-04 14:00:00','2025-12-22 13:00:00','2025-12-22 13:05:00','2025-12-01 10:15:00','2025-12-22 13:05:00'),
('b0000000-0000-0000-0000-000000000036','a0000000-0000-0000-0000-000000000044','f04afb31-7a50-4ed5-a2b7-56fa00c7ef8c','f41d16ab-e18a-402f-9136-10efca6aae3d','Digital',ARRAY['c0000000-0000-0000-0000-000000000083','c0000000-0000-0000-0000-000000000084'],2,'{"amount":20600000,"currency":"ARS"}','{"amount":2060000,"currency":"ARS"}','{"amount":1648000,"currency":"ARS"}','{"amount":0,"currency":"ARS"}','{"amount":22660000,"currency":"ARS"}','{"amount":18952000,"currency":"ARS"}','d0000000-0000-0000-0000-000000000036','Completed','None',1,'2026-01-05 11:00:00',NULL,'2026-01-23 15:00:00','2026-01-06 10:00:00','2026-01-08 14:00:00','2026-01-22 15:00:00','2026-01-22 15:05:00','2026-01-05 10:15:00','2026-01-22 15:05:00'),
('b0000000-0000-0000-0000-000000000037','a0000000-0000-0000-0000-000000000045','f04afb31-7a50-4ed5-a2b7-56fa00c7ef8c','f41d16ab-e18a-402f-9136-10efca6aae3d','Digital',ARRAY['c0000000-0000-0000-0000-000000000085','c0000000-0000-0000-0000-000000000086'],2,'{"amount":19800000,"currency":"ARS"}','{"amount":1980000,"currency":"ARS"}','{"amount":1584000,"currency":"ARS"}','{"amount":0,"currency":"ARS"}','{"amount":21780000,"currency":"ARS"}','{"amount":18216000,"currency":"ARS"}','d0000000-0000-0000-0000-000000000037','Completed','None',1,'2026-01-18 11:00:00',NULL,'2026-02-06 12:00:00','2026-01-19 10:00:00','2026-01-21 14:00:00','2026-02-05 12:00:00','2026-02-05 12:05:00','2026-01-18 10:15:00','2026-02-05 12:05:00'),
('b0000000-0000-0000-0000-000000000038','a0000000-0000-0000-0000-000000000046','f04afb31-7a50-4ed5-a2b7-56fa00c7ef8c','f41d16ab-e18a-402f-9136-10efca6aae3d','Digital',ARRAY['c0000000-0000-0000-0000-000000000087','c0000000-0000-0000-0000-000000000088'],2,'{"amount":57400000,"currency":"ARS"}','{"amount":5740000,"currency":"ARS"}','{"amount":4592000,"currency":"ARS"}','{"amount":0,"currency":"ARS"}','{"amount":63140000,"currency":"ARS"}','{"amount":52808000,"currency":"ARS"}','d0000000-0000-0000-0000-000000000038','Completed','None',1,'2026-01-30 11:00:00',NULL,'2026-02-23 16:00:00','2026-01-31 10:00:00','2026-02-02 14:00:00','2026-02-22 16:00:00','2026-02-22 16:05:00','2026-01-30 10:15:00','2026-02-22 16:05:00'),
('b0000000-0000-0000-0000-000000000039','a0000000-0000-0000-0000-000000000047','f04afb31-7a50-4ed5-a2b7-56fa00c7ef8c','f41d16ab-e18a-402f-9136-10efca6aae3d','Digital',ARRAY['c0000000-0000-0000-0000-000000000089','c0000000-0000-0000-0000-000000000090'],2,'{"amount":28000000,"currency":"ARS"}','{"amount":2800000,"currency":"ARS"}','{"amount":2240000,"currency":"ARS"}','{"amount":0,"currency":"ARS"}','{"amount":30800000,"currency":"ARS"}','{"amount":25760000,"currency":"ARS"}','d0000000-0000-0000-0000-000000000039','Completed','None',1,'2026-02-15 11:00:00',NULL,'2026-03-03 14:00:00','2026-02-16 10:00:00','2026-02-18 14:00:00','2026-03-02 14:00:00','2026-03-02 14:05:00','2026-02-15 10:15:00','2026-03-02 14:05:00');

-- ============================================================
-- PARTE C — Reviews historicas
-- ============================================================

INSERT INTO reviews (id, "transactionId", "reviewerId", "revieweeId", "reviewerRole", "revieweeRole", rating, comment, "createdAt") VALUES
('e0000000-0000-0000-0000-000000000007','b0000000-0000-0000-0000-000000000013','f04afb31-7a50-4ed5-a2b7-56fa00c7ef8c','9f44b158-78c8-40ed-acb6-7c06dedded1c','buyer','seller',5,'Excelente vendedor, muy rapido y confiable.','2025-10-29 16:00:00'),
('e0000000-0000-0000-0000-000000000008','b0000000-0000-0000-0000-000000000015','f04afb31-7a50-4ed5-a2b7-56fa00c7ef8c','9f44b158-78c8-40ed-acb6-7c06dedded1c','buyer','seller',4,'Buena experiencia, entrego las entradas sin problemas.','2025-12-06 13:00:00'),
('e0000000-0000-0000-0000-000000000009','b0000000-0000-0000-0000-000000000016','f04afb31-7a50-4ed5-a2b7-56fa00c7ef8c','9f44b158-78c8-40ed-acb6-7c06dedded1c','buyer','seller',5,'Todo perfecto, lo recomiendo.','2026-01-06 14:00:00'),
('e0000000-0000-0000-0000-000000000010','b0000000-0000-0000-0000-000000000018','f04afb31-7a50-4ed5-a2b7-56fa00c7ef8c','9f44b158-78c8-40ed-acb6-7c06dedded1c','buyer','seller',5,'Muy buena transaccion, responde rapido.','2026-02-16 18:00:00'),
('e0000000-0000-0000-0000-000000000011','b0000000-0000-0000-0000-000000000019','f04afb31-7a50-4ed5-a2b7-56fa00c7ef8c','9f44b158-78c8-40ed-acb6-7c06dedded1c','buyer','seller',4,'Bien, cumplio con todo lo acordado.','2026-02-21 15:00:00'),
('e0000000-0000-0000-0000-000000000012','b0000000-0000-0000-0000-000000000020','f04afb31-7a50-4ed5-a2b7-56fa00c7ef8c','9f44b158-78c8-40ed-acb6-7c06dedded1c','buyer','seller',5,'Excelente, sin problemas.','2026-03-06 17:00:00'),
('e0000000-0000-0000-0000-000000000013','b0000000-0000-0000-0000-000000000013','9f44b158-78c8-40ed-acb6-7c06dedded1c','f04afb31-7a50-4ed5-a2b7-56fa00c7ef8c','seller','buyer',4,'Comprador puntual, sin inconvenientes.','2025-10-29 17:00:00'),
('e0000000-0000-0000-0000-000000000014','b0000000-0000-0000-0000-000000000016','9f44b158-78c8-40ed-acb6-7c06dedded1c','f04afb31-7a50-4ed5-a2b7-56fa00c7ef8c','seller','buyer',5,'Todo bien, comprador confiable.','2026-01-06 15:00:00'),
('e0000000-0000-0000-0000-000000000015','b0000000-0000-0000-0000-000000000018','9f44b158-78c8-40ed-acb6-7c06dedded1c','f04afb31-7a50-4ed5-a2b7-56fa00c7ef8c','seller','buyer',5,'Muy buena operacion.','2026-02-16 19:00:00'),
('e0000000-0000-0000-0000-000000000016','b0000000-0000-0000-0000-000000000021','f04afb31-7a50-4ed5-a2b7-56fa00c7ef8c','ce2672fc-b684-4b56-8253-be63ba9908f5','buyer','seller',5,'Vendedora muy confiable, recomendable.','2025-09-02 16:00:00'),
('e0000000-0000-0000-0000-000000000017','b0000000-0000-0000-0000-000000000023','f04afb31-7a50-4ed5-a2b7-56fa00c7ef8c','ce2672fc-b684-4b56-8253-be63ba9908f5','buyer','seller',4,'Buena transaccion, entrego rapido.','2025-11-03 17:00:00'),
('e0000000-0000-0000-0000-000000000018','b0000000-0000-0000-0000-000000000025','f04afb31-7a50-4ed5-a2b7-56fa00c7ef8c','ce2672fc-b684-4b56-8253-be63ba9908f5','buyer','seller',5,'Excelente experiencia.','2026-01-04 16:00:00'),
('e0000000-0000-0000-0000-000000000019','b0000000-0000-0000-0000-000000000027','f04afb31-7a50-4ed5-a2b7-56fa00c7ef8c','ce2672fc-b684-4b56-8253-be63ba9908f5','buyer','seller',5,'Todo perfecto, muy responsable.','2026-02-19 17:00:00'),
('e0000000-0000-0000-0000-000000000020','b0000000-0000-0000-0000-000000000021','ce2672fc-b684-4b56-8253-be63ba9908f5','f04afb31-7a50-4ed5-a2b7-56fa00c7ef8c','seller','buyer',5,'Comprador serio, sin problemas.','2025-09-03 10:00:00'),
('e0000000-0000-0000-0000-000000000021','b0000000-0000-0000-0000-000000000025','ce2672fc-b684-4b56-8253-be63ba9908f5','f04afb31-7a50-4ed5-a2b7-56fa00c7ef8c','seller','buyer',4,'Buena operacion.','2026-01-04 17:00:00'),
('e0000000-0000-0000-0000-000000000022','b0000000-0000-0000-0000-000000000029','f04afb31-7a50-4ed5-a2b7-56fa00c7ef8c','f41d16ab-e18a-402f-9136-10efca6aae3d','buyer','seller',5,'Excelente vendedor, muy agil.','2025-07-29 16:00:00'),
('e0000000-0000-0000-0000-000000000023','b0000000-0000-0000-0000-000000000031','f04afb31-7a50-4ed5-a2b7-56fa00c7ef8c','f41d16ab-e18a-402f-9136-10efca6aae3d','buyer','seller',4,'Buena transaccion, recomendable.','2025-10-01 18:00:00'),
('e0000000-0000-0000-0000-000000000024','b0000000-0000-0000-0000-000000000033','f04afb31-7a50-4ed5-a2b7-56fa00c7ef8c','f41d16ab-e18a-402f-9136-10efca6aae3d','buyer','seller',5,'Muy confiable, todo en orden.','2025-11-06 16:00:00'),
('e0000000-0000-0000-0000-000000000025','b0000000-0000-0000-0000-000000000034','f04afb31-7a50-4ed5-a2b7-56fa00c7ef8c','f41d16ab-e18a-402f-9136-10efca6aae3d','buyer','seller',5,'Perfecto, sin ningun problema.','2025-11-29 18:00:00'),
('e0000000-0000-0000-0000-000000000026','b0000000-0000-0000-0000-000000000036','f04afb31-7a50-4ed5-a2b7-56fa00c7ef8c','f41d16ab-e18a-402f-9136-10efca6aae3d','buyer','seller',4,'Buen vendedor, cumplio lo pactado.','2026-01-23 17:00:00'),
('e0000000-0000-0000-0000-000000000027','b0000000-0000-0000-0000-000000000037','f04afb31-7a50-4ed5-a2b7-56fa00c7ef8c','f41d16ab-e18a-402f-9136-10efca6aae3d','buyer','seller',5,'Muy buena experiencia de compra.','2026-02-06 14:00:00'),
('e0000000-0000-0000-0000-000000000028','b0000000-0000-0000-0000-000000000038','f04afb31-7a50-4ed5-a2b7-56fa00c7ef8c','f41d16ab-e18a-402f-9136-10efca6aae3d','buyer','seller',5,'Excelente, entrego al instante.','2026-02-23 18:00:00'),
('e0000000-0000-0000-0000-000000000029','b0000000-0000-0000-0000-000000000029','f41d16ab-e18a-402f-9136-10efca6aae3d','f04afb31-7a50-4ed5-a2b7-56fa00c7ef8c','seller','buyer',5,'Comprador perfecto.','2025-07-29 17:00:00'),
('e0000000-0000-0000-0000-000000000030','b0000000-0000-0000-0000-000000000031','f41d16ab-e18a-402f-9136-10efca6aae3d','f04afb31-7a50-4ed5-a2b7-56fa00c7ef8c','seller','buyer',4,'Sin problemas, recomendable.','2025-10-01 19:00:00'),
('e0000000-0000-0000-0000-000000000031','b0000000-0000-0000-0000-000000000033','f41d16ab-e18a-402f-9136-10efca6aae3d','f04afb31-7a50-4ed5-a2b7-56fa00c7ef8c','seller','buyer',5,'Muy buen comprador.','2025-11-06 17:00:00'),
('e0000000-0000-0000-0000-000000000032','b0000000-0000-0000-0000-000000000036','f41d16ab-e18a-402f-9136-10efca6aae3d','f04afb31-7a50-4ed5-a2b7-56fa00c7ef8c','seller','buyer',4,'Todo bien, operacion limpia.','2026-01-23 18:00:00'),
('e0000000-0000-0000-0000-000000000033','b0000000-0000-0000-0000-000000000038','f41d16ab-e18a-402f-9136-10efca6aae3d','f04afb31-7a50-4ed5-a2b7-56fa00c7ef8c','seller','buyer',5,'Excelente comprador, sin demoras.','2026-02-23 19:00:00');

COMMIT;
